domain,count,,Creation_date,Web_Reputation,Category,,,
i.redd.it,47486,,,,,,,
imgur.com,32600,,,,,,,
i.imgur.com,24322,,,,,,,
eroshare.com,5205,,,,,,,
i.reddituploads.com,4208,,,,,,,
self.wifesharing,4075,,,,,,,
gfycat.com,3291,,,,,,,
m.imgur.com,1721,,,,,,,
erome.com,1039,,,,,,,
redgifs.com,1038,,,,,,,
vidble.com,592,,,,,,,
pornhub.com,485,,,,,,,
reddit.com,169,,,,,,,
i.eroshare.com,148,,,,,,,
vid.me,110,,,,,,,
xhamster.com,88,,,,,,,
sendvid.com,84,,,,,,,
thumbs.gfycat.com,51,,,,,,,
v.redd.it,45,,,,,,,
usfreedate.com,40,,,,,,,
sexygirldate.com,40,,,,,,,
datingfreechat.com,39,,,,,,,
photos.app.goo.gl,36,,,,,,,
sexychatfree.com,34,,,,,,,
lindalisa.club,33,,,,,,,
datingfreecahat.club,31,,,,,,,
giphy.com,29,,,,,,,
youtube.com,26,,,,,,,
usgirldate.club,25,,,,,,,
media.giphy.com,24,,,,,,,
vimeo.com,21,,,,,,,
ibb.co,20,,,,,,,
xvideos.com,20,,,,,,,
hedos.net,20,,,,,,,
twitter.com,19,,,,,,,
drive.google.com,19,,,,,,,
vgy.me,17,,,,,,,
youporn.com,17,,,,,,,
youtu.be,16,,,,,,,
streamable.com,16,,,,,Media sharing,Social media,Profit or subscription services
redd.it,14,,,,,Social media,Media sharing,Non-profit
giant.gfycat.com,14,,,,,Media sharing,Social media,Profit or subscription services
dropbox.com,13,,,,,Personal storage and backup,Profit or subscription services,Media sharing
78.media.tumblr.com,13,,,,,Social media,Media sharing,Personal website
68.media.tumblr.com,12,,,,,Social media,Media sharing,Personal website
unsee.cc,12,,,,,Media sharing,Personal storage and backup,Unethical or illegal content
gg.gg,12,,,,,Personal website,Media sharing,Personal storage and backup
flickr.com,9,,,,,Media sharing,Social media,Personal storage and backup
self.Hotwife,9,,,,,Porn websites,Dating and adult hook up sites,Unethical or illegal content
kum.com,9,,15/10/1996,92,Adult and Pornography,Porn websites,Unethical or illegal or malicious content,Dating and adult hookup sites
pornxs.com,9,,20/05/2002,96,Adult and Pornography,Porn websites,Unethical or illegal or malicious content,Media sharing
amandalane.club,9,tumblr.com,29/03/2020,50,Adult and Pornography,Personal website,Blogging or microblogging,Social media
iob.imgur.com,8,imgur.com,09/01/2009,96,Image and Video Search,Media sharing,Social media,Link sharing
etwsworld.tumblr.com,8,tumblr.com,08/06/2006,96,Social Networking,Blogging or microblogging,Media sharing,Social media
lustspace.com,8,,19/11/2020,100,Society,Porn websites,Dating and adult hookup sites,Media sharing
i.redditmedia.com,8,redditmedia.com,13/08/2007,92,Business and Economy,Media sharing,Social media,Discussion forums
mirasmith.com,8,mirasmith.com,24/01/2020,40,Uncategorized,Personal website,Blogging or microblogging,E-commerce
media2.giphy.com,7,giphy.com,27/11/2012,81,Entertainment and Arts,Media sharing,Social media,Streaming platforms
ellanova.club,7,,,,,Porn websites,Dating and adult hookup sites,Unethical or illegal or malicious content
preview.redd.it,7,,,,,,,
www.imgur.com,7,,,,,,,
reddit.app.link,7,,,,,,,
m.xhamster.com,6,,,,,,,
gph.is,6,,,,,,,
mrpeepers.net,6,,,,,,,
media1.giphy.com,6,,,,,,,
[img]http,6,,,,,,,
self.dirtyr4r,5,,,,,,,
ginavalentina.website,5,,,,,,,
facebook.com,5,,,,,,,
supload.com,5,,,,,,,
i1266.photobucket.com,5,,,,,,,
patriciaanderson.website,5,,,,,,,
flic.kr,4,,,,,,,
it.pornhub.com,4,,,,,,,
goo.gl,4,,,,,,,
xnxx.com,4,,,,,,,
v.eroshare.com,4,,,,,,,
self.jobuds,4,,,,,,,
media3.giphy.com,4,,,,,,,
ttp.5008.link,4,,,,,,,
de.pornhub.com,4,,,,,,,
deborahlewis.club,4,,,,,,,
i.sli.mg,4,,,,,,,
julia.loveus.us,4,,,,,,,
lisa2cerny.info,4,,,,,,,
aspenromanoff.website,4,,,,,,,
image.ibb.co,4,,,,,,,
instagram.com,4,,,,,,,
litvid.io,3,,,,,,,
homemoviestube.com,3,,,,,,,
gifsstore.com,3,,,,,,,
reddit-uploaded-media.s3-accelerate.amazonaws.com,3,,,,,,,
davinadavis.website,3,,,,,,,
nl.xhamster.com,3,,,,,,,
es.pornhub.com,3,,,,,,,
alexgrey.club,3,,,,,,,
eroprofile.com,3,,,,,,,
arianamarie.live,3,,,,,,,
anyaolsenofficial.club,3,,,,,,,
files.catbox.moe,3,,,,,,,
hotana.ga,3,,,,,,,
shirleyjmcalister.club,3,,,,,,,
photos.google.com,3,,,,,,,
exposedwebslutpics.tumblr.com,3,,,,,,,
sexyasylum.com,3,,,,,,,
rabb.it,3,,,,,,,
postimg.org,3,,,,,,,
scarlett27.club,3,,,,,,,
[imgur](http,3,,,,,,,
self.Cuckold,3,,,,,,,
blacktowhite.net,3,,,,,,,
xtube.com,3,,,,,,,
picgur.org,3,,,,,,,
swapsmut.com,3,,,,,,,
fr.pornhub.com,3,,,,,,,
storage-v.eroshare.com,3,,,,,,,
babysitterporn.pro,3,,,,,,,
swingershub.com,3,,,,,,,
bestporner.com,3,,,,,,,
mrsirban.com,3,,,,,,,
redtube.com,3,,,,,,,
carolgillette.website,3,,,,,,,
ephmedia.giphy.com,3,,,,,,,
tumblr.com,3,,,,,,,
cleojames.club,3,,,,,,,
kagneylinnkarter.today,2,,,,,,,
[imgur](https,2,,,,,,,
self.HotWifeRequests,2,,,,,,,
ep2.xhcdn.com,2,,,,,,,
ffkingdom.net,2,,,,,,,
tysenrich.club,2,,,,,,,
favamateurs.tumblr.com,2,,,,,,,
imgflip.com,2,,,,,,,
dirtyxtube.com,2,,,,,,,
ftop.ru,2,,,,,,,
selenaspices.club,2,,,,,,,
amateurporn.wiki,2,,,,,,,
temporarily.exposed,2,,,,,,,
cliphunter.com,2,,,,,,,
kultboy.com,2,,,,,,,
jerk692.tumblr.com,2,,,,,,,
mrsnimblejohnny.tumblr.com,2,,,,,,,
nimblejohnny.tumblr.com,2,,,,,,,
pornfun.com,2,,,,,,,
google.com.ua,2,,,,,,,
tobe.exposed,2,,,,,,,
imig.es,2,,,,,,,
natashavoya.xyz,2,,,,,,,
ellahughes.club,2,,,,,,,
i.supload.com,2,,,,,,,
cuckoldfart.com,2,,,,,,,
kinkyrox.com,2,,,,,,,
laurarash.club,2,,,,,,,
cuminonmygfus.tumblr.com,2,,,,,,,
xpornhub.org,2,,,,,,,
imgbox.com,2,,,,,,,
cliptrend.info,2,,,,,,,
catherineperry.club,2,,,,,,,
athenaflora.website,2,,,,,,,
sixred4u.tumblr.com,2,,,,,,,
dannamaximillion.me,2,,,,,,,
newbienudes.com,2,,,,,,,
pornlovo.com,2,,,,,,,
datboobs.com,2,,,,,,,
netvib.es,2,,,,,,,
tonyamcdonald.website,2,,,,,,,
sexhehe.pro,2,,,,,,,
yadi.sk,2,,,,,,,
sunshine9933.tumblr.com,2,,,,,,,
i64.tinypic.com,2,,,,,,,
us-whore.tumblr.com,2,,,,,,,
self.bostonr4r,2,,,,,,,
rec-tube.com,2,,,,,,,
carlaaustin.club,2,,,,,,,
xtxt.site,2,,,,,,,
farrahflower.club,2,,,,,,,
xxxsd.pro,2,,,,,,,
s4.erome.com,2,,,,,,,
jennifer.edgewaybdltd.com,2,,,,,,,
postedpassion.tumblr.com,2,,,,,,,
beeimg.com,2,,,,,,,
self.swingersr4r,2,,,,,,,
thcf5.redgifs.com,2,,,,,,,
gifdeliverynetwork.com,2,,,,,,,
thcf3.redgifs.com,2,,,,,,,
self.slutwife,2,,,,,,,
cuckoldsporn.com,2,,,,,,,
youngcouplehot.tumblr.com,2,,,,,,,
asiansausage.tumblr.com,2,,,,,,,
images2.imgbox.com,2,,,,,,,
self.wifepictrading,2,,,,,,,
lyralaw.club,2,,,,,,,
destroyable.io,2,,,,,,,
s1.erome.com,2,,,,,,,
self.Swingers,2,,,,,,,
pornpussy.net,2,,,,,,,
cutebuttassy.tumblr.com,2,,,,,,,
wifeshare.club,2,,,,,,,
kristinmhenshaw.xyz,2,,,,,,,
bucetona.com,2,,,,,,,
media.newbienudes.com,2,,,,,,,
gyfcat.com,2,,,,,,,
tinypic.com,2,,,,,,,
thumbs2.redgifs.com,2,,,,,,,
volafile.org,2,,,,,,,
self.mxlover2020,2,,,,,,,
1drv.ms,2,,,,,,,
madeline.website,2,,,,,,,
nsfwdirectory.com,2,,,,,,,
karenbeard.club,2,,,,,,,
exposer171.tumblr.com,2,,,,,,,
kendralush.club,2,,,,,,,
saracblackburn.club,2,,,,,,,
phim.damvodoi.com,2,,,,,,,
media0.giphy.com,2,,,,,,,
imagefap.com,2,,,,,,,
markfree.imgur.com,2,,,,,,,
migradude69.tumblr.com,1,,,,,,,
na,1,,,,,,,
janecoraa.tumblr.com,1,,,,,,,
s9.postimg.org,1,,,,,,,
harddeckmyass.vids.io,1,,,,,,,
nsfwgifs.info,1,,,,,,,
riz.cz,1,,,,,,,
tiwi.io,1,,,,,,,
madelynmonroe.today,1,,,,,,,
eilenecrowley.tumblr.com,1,,,,,,,
expirebox.com,1,,,,,,,
addictedpussy.com,1,,,,,,,
xxxgifs.info,1,,,,,,,
naughtycamgirls.website,1,,,,,,,
bigsharmota.com,1,,,,,,,
pornhubpremium.com,1,,,,,,,
freepdg.com,1,,,,,,,
marleybrinx.club,1,,,,,,,
mygirlfriendfucksotherguys.tumblr.com,1,,,,,,,
i67.tinypic.com,1,,,,,,,
emberstone.today,1,,,,,,,
jacky128.tumblr.com,1,,,,,,,
darkjester99.imgur.com,1,,,,,,,
fat.gfycat.com,1,,,,,,,
onenightgirls.today,1,,,,,,,
20160609_142140.jpg,1,,,,,,,
fun,1,,,,,,,
d1zjcuqflbd5k.cloudfront.net,1,,,,,,,
pho.to,1,,,,,,,
m.reddit.com,1,,,,,,,
sli.mg,1,,,,,,,
naughtycamgirls.org,1,,,,,,,
havenporn.com,1,,,,,,,
up9.xhcdn.com,1,,,,,,,
imgops.com,1,,,,,,,
imgcave.com,1,,,,,,,
videosextube.hol.es,1,,,,,,,
imagehost.imgcave.com,1,,,,,,,
caroomia.space,1,,,,,,,
lovingnessa.tumblr.com,1,,,,,,,
nl.pornhub.com,1,,,,,,,
pornxtar.tumblr.com,1,,,,,,,
3rfc.com,1,,,,,,,
hispachan.org,1,,,,,,,
s32.postimg.org,1,,,,,,,
pussylicking.party,1,,,,,,,
realwifetube.com,1,,,,,,,
justanothercouple.imgur.com,1,,,,,,,
gonewild.site,1,,,,,,,
xcitedmuch.tumblr.com,1,,,,,,,
i.imugr.com,1,,,,,,,
daddysdarkprincessexposed.tumblr.com,1,,,,,,,
kaleidoscene.imgur.com,1,,,,,,,
femdomangels.com,1,,,,,,,
booksiesilk.com,1,,,,,,,
4uon.ly,1,,,,,,,
1stdate.xyz,1,,,,,,,
thcf6.redgifs.com,1,,,,,,,
onlyfans.com,1,,,,,,,
s19.postimg.org,1,,,,,,,
blueamberrose.com,1,,,,,,,
share.sex,1,,,,,,,
thcf4.redgifs.com,1,,,,,,,
sexywifesharing.tumblr.com,1,,,,,,,
garagedoorsrepairscottsdaleaz.com,1,,,,,,,
myboobsite.com,1,,,,,,,
thcf8.redgifs.com,1,,,,,,,
thumbs1.redgifs.com,1,,,,,,,
love-keensharkcollection.tumblr.com,1,,,,,,,
datgap,1,,,,,,,
thumb-p9.xhcdn.com,1,,,,,,,
i.imgsafe.org,1,,,,,,,
desixxsex.com,1,,,,,,,
de.pinterest.com,1,,,,,,,
pl.pornhub.com,1,,,,,,,
curvyhotwife.com,1,,,,,,,
luscious.net,1,,,,,,,
anonymouslyhisandhers.tumblr.com,1,,,,,,,
smallfrye.imgur.com,1,,,,,,,
pigslut4u.tumblr.com,1,,,,,,,
masculinecpny.blogspot.com,1,,,,,,,
anonimag.es,1,,,,,,,
miami.craigslist.org,1,,,,,,,
cnn.com,1,,,,,,,
cz.pornhub.com,1,,,,,,,
ezgif.com,1,,,,,,,
slazie.com,1,,,,,,,
kimbrrr.tumblr.com,1,,,,,,,
booty,1,,,,,,,
mightyfinish.imgur.com,1,,,,,,,
67.media.tumblr.com,1,,,,,,,
redditmetrics.com,1,,,,,,,
notsmutty.com,1,,,,,,,
dialtonelabs.com,1,,,,,,,
berlin.craigslist.de,1,,,,,,,
paar13ffm.tumblr.com,1,,,,,,,
fetlife.com,1,,,,,,,
server8.upload69.net,1,,,,,,,
jerkist.com,1,,,,,,,
pornodemand.com,1,,,,,,,
chloescott.club,1,,,,,,,
liri.fa-xxzza.tumblr.com,1,,,,,,,
gifs.com,1,,,,,,,
j.gifs.com,1,,,,,,,
pbs-h2.twimg.com,1,,,,,,,
upf.co.il,1,,,,,,,
gerrylicious69.tumblr.com,1,,,,,,,
theamateurboard.com,1,,,,,,,
dailymotion.com,1,,,,,,,
soundgasm.net,1,,,,,,,
hotwife303.tumblr.com,1,,,,,,,
manyvids.com,1,,,,,,,
gustavjorgensonauthor.wordpress.com,1,,,,,,,
crazysextales.xyz,1,,,,,,,
fldic.tumblr.com,1,,,,,,,
img5.picload.org,1,,,,,,,
heavy-r.com,1,,,,,,,
img200.imagevenue.com,1,,,,,,,
xleche.com,1,,,,,,,
gotporn.com,1,,,,,,,
from-a-brothel.tumblr.com,1,,,,,,,
lonelyhousewife.co.uk,1,,,,,,,
rocktie.com,1,,,,,,,
rapidvideo.com,1,,,,,,,
milftweet.com,1,,,,,,,
losangeles.craigslist.org,1,,,,,,,
zenifymoi.tumblr.com,1,,,,,,,
spoooge.tumblr.com,1,,,,,,,
es.m.xhamster.com,1,,,,,,,
ep3.xhcdn.com,1,,,,,,,
i68.tinypic.com,1,,,,,,,
wankonia360.tumblr.com,1,,,,,,,
comandanteviciousxxx.tumblr.com,1,,,,,,,
mail.google.com,1,,,,,,,
mail-attachment.googleusercontent.com,1,,,,,,,
wifesharing,1,,,,,,,
wewowx.tumblr.com,1,,,,,,,
t.frtyh.com,1,,,,,,,
thicknerdcouple.tumblr.com,1,,,,,,,
exstassy.tumblr.com,1,,,,,,,
kik.me,1,,,,,,,
rdnla.tumblr.com,1,,,,,,,
m.youtube.com,1,,,,,,,
centofatty.tumblr.com,1,,,,,,,
coupleseekingmen.wordpress.com,1,,,,,,,
tube8.com,1,,,,,,,
ep8.xhcdn.com,1,,,,,,,
play.google.com,1,,,,,,,
picserver.eu,1,,,,,,,
sharemyslut.tumblr.com,1,,,,,,,
forums.rivals.com,1,,,,,,,
andy8668.imgur.com,1,,,,,,,
dj-enu3.tumblr.com,1,,,,,,,
i.mgur.com,1,,,,,,,
elf.cz,1,,,,,,,
flixtc.com,1,,,,,,,
myhothotwifefantasy.tumblr.com,1,,,,,,,
blackbullandwhitequeens.blogspot.nl,1,,,,,,,
imager.com,1,,,,,,,
games.espn.com,1,,,,,,,
x.imagefapusercontent.com,1,,,,,,,
smileyface69.imgur.com,1,,,,,,,
viid.me,1,,,,,,,
cdn.multi.xnxx.com,1,,,,,,,
iwantblog.com,1,,,,,,,
bravotube.net,1,,,,,,,
m.facebook.com,1,,,,,,,
trophy-wives-girlfriends.tumblr.com,1,,,,,,,
i.makeagif.com,1,,,,,,,
manacinemaweb.com,1,,,,,,,
brazillianbabe3343.imgur.com,1,,,,,,,
freesound.org,1,,,,,,,
seattle.craigslist.org,1,,,,,,,
theamericantribune.org,1,,,,,,,
volafile.io,1,,,,,,,
gtaimage.com,1,,,,,,,
yuvutu.com,1,,,,,,,
instajizz.com,1,,,,,,,
ff,1,,,,,,,
plus.google.com,1,,,,,,,
maturepornhd.com,1,,,,,,,
mu6.me,1,,,,,,,
wwww,1,,,,,,,
zippy.gfycat.com,1,,,,,,,
de.youporn.com,1,,,,,,,
menageatois.imgur.com,1,,,,,,,
aspirationsolutions.com,1,,,,,,,
perfectasianprincess.tumblr.com,1,,,,,,,
sieren.dat-ka.tumblr.com,1,,,,,,,
olderpussyporn.org,1,,,,,,,
dirty.focalignition.com,1,,,,,,,
ratemy.co,1,,,,,,,
sm.bentbox.co,1,,,,,,,
zo.ee,1,,,,,,,
homadevid.blogspot.co.id,1,,,,,,,
fuckable,1,,,,,,,
in.mydirtyhobby.com,1,,,,,,,
halley-suckyourberry.tumblr.com,1,,,,,,,
paridaida.tumblr.com,1,,,,,,,
exbb.redclouds.com,1,,,,,,,
wsharing.feenode.net,1,,,,,,,
de.xhamster.com,1,,,,,,,
corandrew360.tumblr.com,1,,,,,,,
webmail.sol.dk,1,,,,,,,
overloadccuteness.tumblr.com,1,,,,,,,
ximgur.com,1,,,,,,,
funkyimg.com,1,,,,,,,
whynott2014,1,,,,,,,
forum.xnxx.com,1,,,,,,,
[img]https,1,,,,,,,
c1.staticflickr.com,1,,,,,,,
pornoshore.pw,1,,,,,,,
whiteandasiancouple.tumblr.com,1,,,,,,,
img.eddien.us,1,,,,,,,
ff.hanena.top,1,,,,,,,
rt.pornhub.com,1,,,,,,,
android007.com,1,,,,,,,
clarespanties.com,1,,,,,,,
smutty.com,1,,,,,,,
thoughts,1,,,,,,,
jamesstewart.website,1,,,,,,,
keezmovies.com,1,,,,,,,
cindycrawford.club,1,,,,,,,
marlene.xxxlog.co,1,,,,,,,
brettrossi.club,1,,,,,,,
sickanddevine.imgur.com,1,,,,,,,
turk10000.imgur.com,1,,,,,,,
top-coquine.com,1,,,,,,,
aaliyahhadid.club,1,,,,,,,
roxiewilliams.club,1,,,,,,,
do-it-sex.moy.su,1,,,,,,,
studinie.imgur.com,1,,,,,,,
glennahardy.club,1,,,,,,,
thumb-p4.xhcdn.com,1,,,,,,,
gfypussy.com,1,,,,,,,
lovinghard.club,1,,,,,,,
lexilovell.club,1,,,,,,,
hannahhays.club,1,,,,,,,
quinnwilde.club,1,,,,,,,
originalcookiesharkbandit.tumblr.com,1,,,,,,,
wifedates.com,1,,,,,,,
kaylanilei.club,1,,,,,,,
thumb-p3.xhcdn.com,1,,,,,,,
thumb-p6.xhcdn.com,1,,,,,,,
self.chicagor4r,1,,,,,,,
valentinanappi.club,1,,,,,,,
data.tumblr.com,1,,,,,,,
evelinstone.club,1,,,,,,,
melissamoore.xyz,1,,,,,,,
amandar.smugmug.com,1,,,,,,,
s.amsu.ng,1,,,,,,,
kosmikaaly.com,1,,,,,,,
self.SluttyConfessions,1,,,,,,,
lilylove.club,1,,,,,,,
self.sexstories,1,,,,,,,
cassidyklein.website,1,,,,,,,
sexinbath.com,1,,,,,,,
marleymatthews.club,1,,,,,,,
ultraimg.com,1,,,,,,,
christine569.loveus.us,1,,,,,,,
gwenstark.xyz,1,,,,,,,
eporner.com,1,,,,,,,
zoig.com,1,,,,,,,
miamalkova.website,1,,,,,,,
homemadevideosxxx.com,1,,,,,,,
self.NYr4r,1,,,,,,,
kristifkerns.club,1,,,,,,,
rateme.ws,1,,,,,,,
imgur.datingquen.com,1,,,,,,,
m.hclips.com,1,,,,,,,
datingquen.com,1,,,,,,,
bummerface22.imgur.com,1,,,,,,,
fr.m.xhamster.com,1,,,,,,,
d1o1wlqwda3y1b.cloudfront.net,1,,,,,,,
realqueens.weebly.com,1,,,,,,,
hottestgirls.club,1,,,,,,,
partysecret-me.tumblr.com,1,,,,,,,
lilylane.club,1,,,,,,,
igmur.com,1,,,,,,,
slutwives.com,1,,,,,,,
roxynicole.club,1,,,,,,,
sabrinabanks.website,1,,,,,,,
cliptrend.com,1,,,,,,,
alexistexas.top,1,,,,,,,
lsplaybook.com,1,,,,,,,
zoeparker.club,1,,,,,,,
alexblake.club,1,,,,,,,
dollylittle.club,1,,,,,,,
aprildawn.xyz,1,,,,,,,
hotwifebrandi.tumblr.com,1,,,,,,,
4kporntop.com,1,,,,,,,
w9a5y9f8.stackpathcdn.com,1,,,,,,,
singletomingle.xyz,1,,,,,,,
self.TDono85,1,,,,,,,
meet2horny.club,1,,,,,,,
nt.reddit.com,1,,,,,,,
img_4480.jpg,1,,,,,,,
self.mfm,1,,,,,,,
onenightpartner.club,1,,,,,,,
kenyansporn.com,1,,,,,,,
es.xhamster.com,1,,,,,,,
phimsexjapan.net,1,,,,,,,
ornhubporn.com,1,,,,,,,
i.reddit.it,1,,,,,,,
genevievewhite.club,1,,,,,,,
angela.edgewaybdltd.com,1,,,,,,,
i.postimg.cc,1,,,,,,,
picpasteplus.com,1,,,,,,,
xxxfab.pro,1,,,,,,,
snag.gy,1,,,,,,,
dcporn.net,1,,,,,,,
halifaxporn.com,1,,,,,,,
topsfwphotos.blogspot.com,1,,,,,,,
you-porn.pro,1,,,,,,,
xvideos-hd.pro,1,,,,,,,
pornhdx.pro,1,,,,,,,
libertine.center,1,,,,,,,
sjearthquakes.com,1,,,,,,,
1jux.me,1,,,,,,,
heavyrporn.net,1,,,,,,,
325gfjdssgdgsdg.blogspot.com,1,,,,,,,
arabsexwebporn.com,1,,,,,,,
hotfeed24.com,1,,,,,,,
self.CheatingSluts,1,,,,,,,
topless-hanging-tits.tumblr.com,1,,,,,,,
aaaa9822.imgur.com,1,,,,,,,
x3guide.com,1,,,,,,,
imghst.co,1,,,,,,,
janicerwade.cf,1,,,,,,,
self.hotwife_cuckold,1,,,,,,,
jane-ramirez.ml,1,,,,,,,
lisa-nelson.ml,1,,,,,,,
scontent-dft4-2.xx.fbcdn.net,1,,,,,,,
aurorelfrost.club,1,,,,,,,
violetstarr.club,1,,,,,,,
kinsleyeden.website,1,,,,,,,
anyaolsen.club,1,,,,,,,
who-knows-this-girl.tumblr.com,1,,,,,,,
sydneycole.club,1,,,,,,,
dailymail.co.uk,1,,,,,,,
fuckhergood76.tumblr.com,1,,,,,,,
new.adultclub.club,1,,,,,,,
fannypack999.tumblr.com,1,,,,,,,
karlakink.tumblr.com,1,,,,,,,
longrun447.tumblr.com,1,,,,,,,
vtt.tumblr.com,1,,,,,,,
tenor.com,1,,,,,,,
mywifeneedsmultiplecocks.tumblr.com,1,,,,,,,
self.AJGragg42,1,,,,,,,
ii.imgur.com,1,,,,,,,
tinyimg.io,1,,,,,,,
self.awsomearnold88,1,,,,,,,
shagslags.com,1,,,,,,,
m.bangexperts.com,1,,,,,,,
hddbunker.com,1,,,,,,,
patreon.com,1,,,,,,,
simplyconfounding.tumblr.com,1,,,,,,,
hotcouples11.tumblr.com,1,,,,,,,
xxxlivesex.club,1,,,,,,,
ialpaeuinbwi.com,1,,,,,,,
agliaaglgiiaa.zliuiqanuox.com,1,,,,,,,
aaadtdnal.yedmioksjueuiqb.com,1,,,,,,,
funnyentry.com,1,,,,,,,
gaaitssd.ixajgay.com,1,,,,,,,
ddotdt.ysvoanvou.com,1,,,,,,,
iataoggisa.xzutansaeuyp.com,1,,,,,,,
saaln.waeboefiyc.com,1,,,,,,,
dfksjdshfdkjfs.com,1,,,,,,,
sglto.wiarvioufoez.com,1,,,,,,,
snaainaloaasaa.awsolgzo.com,1,,,,,,,
bestys.co,1,,,,,,,
go.yjneyluhah.com,1,,,,,,,
porness.com,1,,,,,,,
go.iewdyolkeobr.com,1,,,,,,,
jessynaphtali.blogspot.com.ng,1,,,,,,,
hamster.com,1,,,,,,,
ebay.com,1,,,,,,,
yolandakiely.website,1,,,,,,,
self.NSFWIAMA,1,,,,,,,
junewilliams.club,1,,,,,,,
leonamilligan.website,1,,,,,,,
evaalln.club,1,,,,,,,
self.r4rdirty,1,,,,,,,
watchteenpornzillatube.com,1,,,,,,,
pimpandhost.com,1,,,,,,,
porn69.pro,1,,,,,,,
susanwilliams.website,1,,,,,,,
g,1,,,,,,,
66.media.tumblr.com,1,,,,,,,
girlsbro.com,1,,,,,,,
ddaadasoiddaadasoi.lxaoahqye.com,1,,,,,,,
sexu.com,1,,,,,,,
datingfreee.club,1,,,,,,,
aanadasiaa.pritnscreen.com,1,,,,,,,
newspad24.com,1,,,,,,,
sugarteencams.com,1,,,,,,,
j2diuzt,1,,,,,,,
mygorgeoushotwife.tumblr.com,1,,,,,,,
40.media.tumblr.com,1,,,,,,,
pics.campl.us,1,,,,,,,
jgisfunwifesharing.tumblr.com,1,,,,,,,
spadesmag.blogspot.com,1,,,,,,,
swinger85.imgur.com,1,,,,,,,
business.facebook.com,1,,,,,,,
1.sexchat.3eeweb.com,1,,,,,,,
s,1,,,,,,,
agiianagadg.sxeinject.com,1,,,,,,,
16.pepsigirls.cf,1,,,,,,,
otatsiaoaolntan.smenakadra.com,1,,,,,,,
clearobservationpost.tumblr.com,1,,,,,,,
therealhotwives.blogspot.com,1,,,,,,,
glebartsablyuk.com,1,,,,,,,
81.best-sex.gq,1,,,,,,,
mykittenkitty.tumblr.com,1,,,,,,,
allkrym.com,1,,,,,,,
belezik.com,1,,,,,,,
tjtheman.imgur.com,1,,,,,,,
tdrost.com,1,,,,,,,
i.gifeye.com,1,,,,,,,
4shared.com,1,,,,,,,
s020.radikal.ru,1,,,,,,,
neowin.net,1,,,,,,,
porness.xyz,1,,,,,,,
horneyhalos.tumblr.com,1,,,,,,,
nikkihunter.website,1,,,,,,,
nancydiaz.website,1,,,,,,,
sophie269.loveus.us,1,,,,,,,
self.Needafriend,1,,,,,,,
natashanice.website,1,,,,,,,
emilywillis.club,1,,,,,,,
brandilove.club,1,,,,,,,
shonariver.website,1,,,,,,,
allirae.club,1,,,,,,,
samanthayes.club,1,,,,,,,
sheilahcarner.club,1,,,,,,,
http,1,,,,,,,
biaussiemind.tumblr.com,1,,,,,,,
miarabia.club,1,,,,,,,
arianamarie.website,1,,,,,,,
indianporn360.com,1,,,,,,,
sheilaness.com,1,,,,,,,
alexblake.com,1,,,,,,,
self.fuckmywife,1,,,,,,,
sheilanees.club,1,,,,,,,
nancyjpetty.website,1,,,,,,,
allporntube.net,1,,,,,,,
scontent-lga3-1.cdninstagram.com,1,,,,,,,
seedofdesires.tumblr.com,1,,,,,,,
self.deviantduet,1,,,,,,,
deviantduet.tumblr.com,1,,,,,,,
dirtynextfairybluebird,1,,,,,,,
datinggirls.top,1,,,,,,,
sexygirl.loveus.us,1,,,,,,,
roxyofficial.club,1,,,,,,,
jaclyntaylor.club,1,,,,,,,
self.FuzzyStripedPants,1,,,,,,,
angellove.club,1,,,,,,,
self.twrecks2131986,1,,,,,,,
abigailmac.website,1,,,,,,,
samantharone.website,1,,,,,,,
self.harrywilf,1,,,,,,,
phim.buum.pro,1,,,,,,,
alinamartina.website,1,,,,,,,
nicolemarcotte.club,1,,,,,,,
sarabarnett.website,1,,,,,,,
self.gonewildstories,1,,,,,,,
shareyourwife.tumblr.com,1,,,,,,,
pornrumnxn.cf,1,,,,,,,
lustmoments.com,1,,,,,,,
self.atlantar4r,1,,,,,,,
self.alvajay,1,,,,,,,
marleymatthews.xyz,1,,,,,,,
external-preview.redd.it,1,,,,,,,
by3301files.storage.live.com,1,,,,,,,
grilimages.com,1,,,,,,,
self.PrimroseDevilwood,1,,,,,,,
files.fm,1,,,,,,,
sootyudlxouyfsikf.club,1,,,,,,,
skylanovea.xyz,1,,,,,,,
francesjgleason.club,1,,,,,,,
jessielee.club,1,,,,,,,
mabelgonzales.club,1,,,,,,,
self.dirtykikpals,1,,,,,,,
pameilamanning.website,1,,,,,,,
marialena.website,1,,,,,,,
sirandbunt.tumblr.com,1,,,,,,,
kristy69.club,1,,,,,,,
self.HotWifeLifestyle,1,,,,,,,
aileenherrera.club,1,,,,,,,
ellahughes.website,1,,,,,,,
samanthahayes.website,1,,,,,,,
scarletsage.xyz,1,,,,,,,
self.WeLove2Explore,1,,,,,,,